<?xml version="1.0" encoding="UTF-8"?>
<root>
  <item name="com.lib.fast.common.widgets.easypop.EasyPopup T setHorizontalGravity(int) 0">
    <annotation name="android.support.annotation.IntDef">
      <val name="value" val="{com.lib.fast.common.widgets.easypop.VerticalGravity.CENTER, com.lib.fast.common.widgets.easypop.VerticalGravity.ABOVE, com.lib.fast.common.widgets.easypop.VerticalGravity.BELOW, com.lib.fast.common.widgets.easypop.VerticalGravity.ALIGN_TOP, com.lib.fast.common.widgets.easypop.VerticalGravity.ALIGN_BOTTOM}" />
    </annotation>
  </item>
  <item name="com.lib.fast.common.widgets.easypop.EasyPopup T setVerticalGravity(int) 0">
    <annotation name="android.support.annotation.IntDef">
      <val name="value" val="{com.lib.fast.common.widgets.easypop.VerticalGravity.CENTER, com.lib.fast.common.widgets.easypop.VerticalGravity.ABOVE, com.lib.fast.common.widgets.easypop.VerticalGravity.BELOW, com.lib.fast.common.widgets.easypop.VerticalGravity.ALIGN_TOP, com.lib.fast.common.widgets.easypop.VerticalGravity.ALIGN_BOTTOM}" />
    </annotation>
  </item>
  <item name="com.lib.fast.common.widgets.easypop.EasyPopup mHorizontalGravity">
    <annotation name="android.support.annotation.IntDef">
      <val name="value" val="{com.lib.fast.common.widgets.easypop.HorizontalGravity.CENTER, com.lib.fast.common.widgets.easypop.HorizontalGravity.LEFT, com.lib.fast.common.widgets.easypop.HorizontalGravity.RIGHT, com.lib.fast.common.widgets.easypop.HorizontalGravity.ALIGN_LEFT, com.lib.fast.common.widgets.easypop.HorizontalGravity.ALIGN_RIGHT}" />
    </annotation>
  </item>
  <item name="com.lib.fast.common.widgets.easypop.EasyPopup mVerticalGravity">
    <annotation name="android.support.annotation.IntDef">
      <val name="value" val="{com.lib.fast.common.widgets.easypop.VerticalGravity.CENTER, com.lib.fast.common.widgets.easypop.VerticalGravity.ABOVE, com.lib.fast.common.widgets.easypop.VerticalGravity.BELOW, com.lib.fast.common.widgets.easypop.VerticalGravity.ALIGN_TOP, com.lib.fast.common.widgets.easypop.VerticalGravity.ALIGN_BOTTOM}" />
    </annotation>
  </item>
  <item name="com.lib.fast.common.widgets.easypop.EasyPopup void showAtAnchorView(android.view.View, int, int) 1">
    <annotation name="android.support.annotation.IntDef">
      <val name="value" val="{com.lib.fast.common.widgets.easypop.VerticalGravity.CENTER, com.lib.fast.common.widgets.easypop.VerticalGravity.ABOVE, com.lib.fast.common.widgets.easypop.VerticalGravity.BELOW, com.lib.fast.common.widgets.easypop.VerticalGravity.ALIGN_TOP, com.lib.fast.common.widgets.easypop.VerticalGravity.ALIGN_BOTTOM}" />
    </annotation>
  </item>
  <item name="com.lib.fast.common.widgets.easypop.EasyPopup void showAtAnchorView(android.view.View, int, int) 2">
    <annotation name="android.support.annotation.IntDef">
      <val name="value" val="{com.lib.fast.common.widgets.easypop.HorizontalGravity.CENTER, com.lib.fast.common.widgets.easypop.HorizontalGravity.LEFT, com.lib.fast.common.widgets.easypop.HorizontalGravity.RIGHT, com.lib.fast.common.widgets.easypop.HorizontalGravity.ALIGN_LEFT, com.lib.fast.common.widgets.easypop.HorizontalGravity.ALIGN_RIGHT}" />
    </annotation>
  </item>
  <item name="com.lib.fast.common.widgets.easypop.EasyPopup void showAtAnchorView(android.view.View, int, int, int, int) 1">
    <annotation name="android.support.annotation.IntDef">
      <val name="value" val="{com.lib.fast.common.widgets.easypop.VerticalGravity.CENTER, com.lib.fast.common.widgets.easypop.VerticalGravity.ABOVE, com.lib.fast.common.widgets.easypop.VerticalGravity.BELOW, com.lib.fast.common.widgets.easypop.VerticalGravity.ALIGN_TOP, com.lib.fast.common.widgets.easypop.VerticalGravity.ALIGN_BOTTOM}" />
    </annotation>
  </item>
  <item name="com.lib.fast.common.widgets.easypop.EasyPopup void showAtAnchorView(android.view.View, int, int, int, int) 2">
    <annotation name="android.support.annotation.IntDef">
      <val name="value" val="{com.lib.fast.common.widgets.easypop.HorizontalGravity.CENTER, com.lib.fast.common.widgets.easypop.HorizontalGravity.LEFT, com.lib.fast.common.widgets.easypop.HorizontalGravity.RIGHT, com.lib.fast.common.widgets.easypop.HorizontalGravity.ALIGN_LEFT, com.lib.fast.common.widgets.easypop.HorizontalGravity.ALIGN_RIGHT}" />
    </annotation>
  </item>
  <item name="com.lib.fast.common.widgets.easypop.EasyPopup void updateLocation(int, int, android.view.View, int, int, int, int) 3">
    <annotation name="android.support.annotation.IntDef">
      <val name="value" val="{com.lib.fast.common.widgets.easypop.VerticalGravity.CENTER, com.lib.fast.common.widgets.easypop.VerticalGravity.ABOVE, com.lib.fast.common.widgets.easypop.VerticalGravity.BELOW, com.lib.fast.common.widgets.easypop.VerticalGravity.ALIGN_TOP, com.lib.fast.common.widgets.easypop.VerticalGravity.ALIGN_BOTTOM}" />
    </annotation>
  </item>
  <item name="com.lib.fast.common.widgets.easypop.EasyPopup void updateLocation(int, int, android.view.View, int, int, int, int) 4">
    <annotation name="android.support.annotation.IntDef">
      <val name="value" val="{com.lib.fast.common.widgets.easypop.HorizontalGravity.CENTER, com.lib.fast.common.widgets.easypop.HorizontalGravity.LEFT, com.lib.fast.common.widgets.easypop.HorizontalGravity.RIGHT, com.lib.fast.common.widgets.easypop.HorizontalGravity.ALIGN_LEFT, com.lib.fast.common.widgets.easypop.HorizontalGravity.ALIGN_RIGHT}" />
    </annotation>
  </item>
  <item name="com.lib.fast.common.widgets.easypop.HorizontalGravity">
    <annotation name="android.support.annotation.IntDef">
      <val name="value" val="{com.lib.fast.common.widgets.easypop.HorizontalGravity.CENTER, com.lib.fast.common.widgets.easypop.HorizontalGravity.LEFT, com.lib.fast.common.widgets.easypop.HorizontalGravity.RIGHT, com.lib.fast.common.widgets.easypop.HorizontalGravity.ALIGN_LEFT, com.lib.fast.common.widgets.easypop.HorizontalGravity.ALIGN_RIGHT}" />
    </annotation>
  </item>
  <item name="com.lib.fast.common.widgets.easypop.VerticalGravity">
    <annotation name="android.support.annotation.IntDef">
      <val name="value" val="{com.lib.fast.common.widgets.easypop.VerticalGravity.CENTER, com.lib.fast.common.widgets.easypop.VerticalGravity.ABOVE, com.lib.fast.common.widgets.easypop.VerticalGravity.BELOW, com.lib.fast.common.widgets.easypop.VerticalGravity.ALIGN_TOP, com.lib.fast.common.widgets.easypop.VerticalGravity.ALIGN_BOTTOM}" />
    </annotation>
  </item>
</root>

