<?xml version="1.0" encoding="UTF-8"?>
<root>
  <item name="com.lib.fast.common.helper.VibratorHelper com.lib.fast.common.helper.VibratorHelper createVibrator(android.content.Context, int) 1">
    <annotation name="android.support.annotation.IntDef">
      <val name="value" val="{com.lib.fast.common.helper.VibratorHelper.TYPE_R_VW_VW_VW, com.lib.fast.common.helper.VibratorHelper.TYPE_R_VVW, com.lib.fast.common.helper.VibratorHelper.TYPE_VW}" />
    </annotation>
  </item>
  <item name="com.lib.fast.common.helper.VibratorHelper.VibratorType">
    <annotation name="android.support.annotation.IntDef">
      <val name="value" val="{com.lib.fast.common.helper.VibratorHelper.TYPE_R_VW_VW_VW, com.lib.fast.common.helper.VibratorHelper.TYPE_R_VVW, com.lib.fast.common.helper.VibratorHelper.TYPE_VW}" />
    </annotation>
  </item>
</root>

